"Index","Success","DurationMs","Status","Error"
"1","True","86","{""id"":20152,""trip_id"":1,""user_id"":1,""driver_id"":null,""amount"":""18242.00"",""currency"":""VND"",""status"":""pending"",""payment_method"":""card"",""transaction_id"":null,""created_at"":""2026-01-22T10:28:55.121Z"",""updated_at"":""2026-01-22T10:28:55.121Z""}",
"2","True","11","{""id"":20153,""trip_id"":1,""user_id"":1,""driver_id"":null,""amount"":""16717.00"",""currency"":""VND"",""status"":""pending"",""payment_method"":""card"",""transaction_id"":null,""created_at"":""2026-01-22T10:28:55.157Z"",""updated_at"":""2026-01-22T10:28:55.157Z""}",
"3","True","8","{""id"":20154,""trip_id"":1,""user_id"":1,""driver_id"":null,""amount"":""14499.00"",""currency"":""VND"",""status"":""pending"",""payment_method"":""card"",""transaction_id"":null,""created_at"":""2026-01-22T10:28:55.171Z"",""updated_at"":""2026-01-22T10:28:55.171Z""}",
"4","True","8","{""id"":20155,""trip_id"":1,""user_id"":1,""driver_id"":null,""amount"":""13856.00"",""currency"":""VND"",""status"":""pending"",""payment_method"":""card"",""transaction_id"":null,""created_at"":""2026-01-22T10:28:55.184Z"",""updated_at"":""2026-01-22T10:28:55.184Z""}",
"5","True","13","{""id"":20156,""trip_id"":1,""user_id"":1,""driver_id"":null,""amount"":""7833.00"",""currency"":""VND"",""status"":""pending"",""payment_method"":""card"",""transaction_id"":null,""created_at"":""2026-01-22T10:28:55.197Z"",""updated_at"":""2026-01-22T10:28:55.197Z""}",
"6","True","10","{""id"":20157,""trip_id"":1,""user_id"":1,""driver_id"":null,""amount"":""18681.00"",""currency"":""VND"",""status"":""pending"",""payment_method"":""card"",""transaction_id"":null,""created_at"":""2026-01-22T10:28:55.215Z"",""updated_at"":""2026-01-22T10:28:55.215Z""}",
"7","True","10","{""id"":20158,""trip_id"":1,""user_id"":1,""driver_id"":null,""amount"":""7542.00"",""currency"":""VND"",""status"":""pending"",""payment_method"":""card"",""transaction_id"":null,""created_at"":""2026-01-22T10:28:55.227Z"",""updated_at"":""2026-01-22T10:28:55.227Z""}",
"8","True","13","{""id"":20159,""trip_id"":1,""user_id"":1,""driver_id"":null,""amount"":""19987.00"",""currency"":""VND"",""status"":""pending"",""payment_method"":""card"",""transaction_id"":null,""created_at"":""2026-01-22T10:28:55.244Z"",""updated_at"":""2026-01-22T10:28:55.244Z""}",
"9","True","10","{""id"":20160,""trip_id"":1,""user_id"":1,""driver_id"":null,""amount"":""10799.00"",""currency"":""VND"",""status"":""pending"",""payment_method"":""card"",""transaction_id"":null,""created_at"":""2026-01-22T10:28:55.259Z"",""updated_at"":""2026-01-22T10:28:55.259Z""}",
"10","True","13","{""id"":20161,""trip_id"":1,""user_id"":1,""driver_id"":null,""amount"":""3555.00"",""currency"":""VND"",""status"":""pending"",""payment_method"":""card"",""transaction_id"":null,""created_at"":""2026-01-22T10:28:55.276Z"",""updated_at"":""2026-01-22T10:28:55.276Z""}",
"11","True","13","{""id"":20162,""trip_id"":1,""user_id"":1,""driver_id"":null,""amount"":""15485.00"",""currency"":""VND"",""status"":""pending"",""payment_method"":""card"",""transaction_id"":null,""created_at"":""2026-01-22T10:28:55.290Z"",""updated_at"":""2026-01-22T10:28:55.290Z""}",
"12","True","10","{""id"":20163,""trip_id"":1,""user_id"":1,""driver_id"":null,""amount"":""13719.00"",""currency"":""VND"",""status"":""pending"",""payment_method"":""card"",""transaction_id"":null,""created_at"":""2026-01-22T10:28:55.305Z"",""updated_at"":""2026-01-22T10:28:55.305Z""}",
"13","True","10","{""id"":20164,""trip_id"":1,""user_id"":1,""driver_id"":null,""amount"":""7208.00"",""currency"":""VND"",""status"":""pending"",""payment_method"":""card"",""transaction_id"":null,""created_at"":""2026-01-22T10:28:55.317Z"",""updated_at"":""2026-01-22T10:28:55.317Z""}",
"14","True","7","{""id"":20165,""trip_id"":1,""user_id"":1,""driver_id"":null,""amount"":""12566.00"",""currency"":""VND"",""status"":""pending"",""payment_method"":""card"",""transaction_id"":null,""created_at"":""2026-01-22T10:28:55.332Z"",""updated_at"":""2026-01-22T10:28:55.332Z""}",
"15","True","7","{""id"":20166,""trip_id"":1,""user_id"":1,""driver_id"":null,""amount"":""17086.00"",""currency"":""VND"",""status"":""pending"",""payment_method"":""card"",""transaction_id"":null,""created_at"":""2026-01-22T10:28:55.343Z"",""updated_at"":""2026-01-22T10:28:55.343Z""}",
"16","True","9","{""id"":20167,""trip_id"":1,""user_id"":1,""driver_id"":null,""amount"":""2276.00"",""currency"":""VND"",""status"":""pending"",""payment_method"":""card"",""transaction_id"":null,""created_at"":""2026-01-22T10:28:55.352Z"",""updated_at"":""2026-01-22T10:28:55.352Z""}",
"17","True","7","{""id"":20168,""trip_id"":1,""user_id"":1,""driver_id"":null,""amount"":""7438.00"",""currency"":""VND"",""status"":""pending"",""payment_method"":""card"",""transaction_id"":null,""created_at"":""2026-01-22T10:28:55.366Z"",""updated_at"":""2026-01-22T10:28:55.366Z""}",
"18","True","8","{""id"":20169,""trip_id"":1,""user_id"":1,""driver_id"":null,""amount"":""3225.00"",""currency"":""VND"",""status"":""pending"",""payment_method"":""card"",""transaction_id"":null,""created_at"":""2026-01-22T10:28:55.377Z"",""updated_at"":""2026-01-22T10:28:55.377Z""}",
"19","True","10","{""id"":20170,""trip_id"":1,""user_id"":1,""driver_id"":null,""amount"":""14298.00"",""currency"":""VND"",""status"":""pending"",""payment_method"":""card"",""transaction_id"":null,""created_at"":""2026-01-22T10:28:55.387Z"",""updated_at"":""2026-01-22T10:28:55.387Z""}",
"20","True","7","{""id"":20171,""trip_id"":1,""user_id"":1,""driver_id"":null,""amount"":""18761.00"",""currency"":""VND"",""status"":""pending"",""payment_method"":""card"",""transaction_id"":null,""created_at"":""2026-01-22T10:28:55.401Z"",""updated_at"":""2026-01-22T10:28:55.401Z""}",
"21","True","7","{""id"":20172,""trip_id"":1,""user_id"":1,""driver_id"":null,""amount"":""12248.00"",""currency"":""VND"",""status"":""pending"",""payment_method"":""card"",""transaction_id"":null,""created_at"":""2026-01-22T10:28:55.413Z"",""updated_at"":""2026-01-22T10:28:55.413Z""}",
"22","True","13","{""id"":20173,""trip_id"":1,""user_id"":1,""driver_id"":null,""amount"":""15004.00"",""currency"":""VND"",""status"":""pending"",""payment_method"":""card"",""transaction_id"":null,""created_at"":""2026-01-22T10:28:55.424Z"",""updated_at"":""2026-01-22T10:28:55.424Z""}",
"23","True","11","{""id"":20174,""trip_id"":1,""user_id"":1,""driver_id"":null,""amount"":""15373.00"",""currency"":""VND"",""status"":""pending"",""payment_method"":""card"",""transaction_id"":null,""created_at"":""2026-01-22T10:28:55.438Z"",""updated_at"":""2026-01-22T10:28:55.438Z""}",
"24","True","7","{""id"":20175,""trip_id"":1,""user_id"":1,""driver_id"":null,""amount"":""6956.00"",""currency"":""VND"",""status"":""pending"",""payment_method"":""card"",""transaction_id"":null,""created_at"":""2026-01-22T10:28:55.454Z"",""updated_at"":""2026-01-22T10:28:55.454Z""}",
"25","True","10","{""id"":20176,""trip_id"":1,""user_id"":1,""driver_id"":null,""amount"":""13005.00"",""currency"":""VND"",""status"":""pending"",""payment_method"":""card"",""transaction_id"":null,""created_at"":""2026-01-22T10:28:55.468Z"",""updated_at"":""2026-01-22T10:28:55.468Z""}",
"26","True","9","{""id"":20177,""trip_id"":1,""user_id"":1,""driver_id"":null,""amount"":""3198.00"",""currency"":""VND"",""status"":""pending"",""payment_method"":""card"",""transaction_id"":null,""created_at"":""2026-01-22T10:28:55.481Z"",""updated_at"":""2026-01-22T10:28:55.481Z""}",
"27","True","9","{""id"":20178,""trip_id"":1,""user_id"":1,""driver_id"":null,""amount"":""9283.00"",""currency"":""VND"",""status"":""pending"",""payment_method"":""card"",""transaction_id"":null,""created_at"":""2026-01-22T10:28:55.496Z"",""updated_at"":""2026-01-22T10:28:55.496Z""}",
"28","True","9","{""id"":20179,""trip_id"":1,""user_id"":1,""driver_id"":null,""amount"":""1743.00"",""currency"":""VND"",""status"":""pending"",""payment_method"":""card"",""transaction_id"":null,""created_at"":""2026-01-22T10:28:55.508Z"",""updated_at"":""2026-01-22T10:28:55.508Z""}",
"29","True","8","{""id"":20180,""trip_id"":1,""user_id"":1,""driver_id"":null,""amount"":""12487.00"",""currency"":""VND"",""status"":""pending"",""payment_method"":""card"",""transaction_id"":null,""created_at"":""2026-01-22T10:28:55.521Z"",""updated_at"":""2026-01-22T10:28:55.521Z""}",
"30","True","11","{""id"":20181,""trip_id"":1,""user_id"":1,""driver_id"":null,""amount"":""6212.00"",""currency"":""VND"",""status"":""pending"",""payment_method"":""card"",""transaction_id"":null,""created_at"":""2026-01-22T10:28:55.536Z"",""updated_at"":""2026-01-22T10:28:55.536Z""}",
"31","True","8","{""id"":20182,""trip_id"":1,""user_id"":1,""driver_id"":null,""amount"":""9541.00"",""currency"":""VND"",""status"":""pending"",""payment_method"":""card"",""transaction_id"":null,""created_at"":""2026-01-22T10:28:55.550Z"",""updated_at"":""2026-01-22T10:28:55.550Z""}",
"32","True","11","{""id"":20183,""trip_id"":1,""user_id"":1,""driver_id"":null,""amount"":""9255.00"",""currency"":""VND"",""status"":""pending"",""payment_method"":""card"",""transaction_id"":null,""created_at"":""2026-01-22T10:28:55.564Z"",""updated_at"":""2026-01-22T10:28:55.564Z""}",
"33","True","6","{""id"":20184,""trip_id"":1,""user_id"":1,""driver_id"":null,""amount"":""15404.00"",""currency"":""VND"",""status"":""pending"",""payment_method"":""card"",""transaction_id"":null,""created_at"":""2026-01-22T10:28:55.578Z"",""updated_at"":""2026-01-22T10:28:55.578Z""}",
"34","True","6","{""id"":20185,""trip_id"":1,""user_id"":1,""driver_id"":null,""amount"":""18807.00"",""currency"":""VND"",""status"":""pending"",""payment_method"":""card"",""transaction_id"":null,""created_at"":""2026-01-22T10:28:55.587Z"",""updated_at"":""2026-01-22T10:28:55.587Z""}",
"35","True","42","{""id"":20186,""trip_id"":1,""user_id"":1,""driver_id"":null,""amount"":""6296.00"",""currency"":""VND"",""status"":""pending"",""payment_method"":""card"",""transaction_id"":null,""created_at"":""2026-01-22T10:28:55.598Z"",""updated_at"":""2026-01-22T10:28:55.598Z""}",
"36","True","8","{""id"":20187,""trip_id"":1,""user_id"":1,""driver_id"":null,""amount"":""19298.00"",""currency"":""VND"",""status"":""pending"",""payment_method"":""card"",""transaction_id"":null,""created_at"":""2026-01-22T10:28:55.678Z"",""updated_at"":""2026-01-22T10:28:55.678Z""}",
"37","True","7","{""id"":20188,""trip_id"":1,""user_id"":1,""driver_id"":null,""amount"":""12432.00"",""currency"":""VND"",""status"":""pending"",""payment_method"":""card"",""transaction_id"":null,""created_at"":""2026-01-22T10:28:55.688Z"",""updated_at"":""2026-01-22T10:28:55.688Z""}",
"38","True","16","{""id"":20189,""trip_id"":1,""user_id"":1,""driver_id"":null,""amount"":""13215.00"",""currency"":""VND"",""status"":""pending"",""payment_method"":""card"",""transaction_id"":null,""created_at"":""2026-01-22T10:28:55.713Z"",""updated_at"":""2026-01-22T10:28:55.713Z""}",
"39","True","10","{""id"":20190,""trip_id"":1,""user_id"":1,""driver_id"":null,""amount"":""12901.00"",""currency"":""VND"",""status"":""pending"",""payment_method"":""card"",""transaction_id"":null,""created_at"":""2026-01-22T10:28:55.731Z"",""updated_at"":""2026-01-22T10:28:55.731Z""}",
"40","True","10","{""id"":20191,""trip_id"":1,""user_id"":1,""driver_id"":null,""amount"":""19931.00"",""currency"":""VND"",""status"":""pending"",""payment_method"":""card"",""transaction_id"":null,""created_at"":""2026-01-22T10:28:55.742Z"",""updated_at"":""2026-01-22T10:28:55.742Z""}",
"41","True","14","{""id"":20192,""trip_id"":1,""user_id"":1,""driver_id"":null,""amount"":""517.00"",""currency"":""VND"",""status"":""pending"",""payment_method"":""card"",""transaction_id"":null,""created_at"":""2026-01-22T10:28:55.755Z"",""updated_at"":""2026-01-22T10:28:55.755Z""}",
"42","True","9","{""id"":20193,""trip_id"":1,""user_id"":1,""driver_id"":null,""amount"":""3248.00"",""currency"":""VND"",""status"":""pending"",""payment_method"":""card"",""transaction_id"":null,""created_at"":""2026-01-22T10:28:55.772Z"",""updated_at"":""2026-01-22T10:28:55.772Z""}",
"43","True","11","{""id"":20194,""trip_id"":1,""user_id"":1,""driver_id"":null,""amount"":""1159.00"",""currency"":""VND"",""status"":""pending"",""payment_method"":""card"",""transaction_id"":null,""created_at"":""2026-01-22T10:28:55.786Z"",""updated_at"":""2026-01-22T10:28:55.786Z""}",
"44","True","7","{""id"":20195,""trip_id"":1,""user_id"":1,""driver_id"":null,""amount"":""6723.00"",""currency"":""VND"",""status"":""pending"",""payment_method"":""card"",""transaction_id"":null,""created_at"":""2026-01-22T10:28:55.799Z"",""updated_at"":""2026-01-22T10:28:55.799Z""}",
"45","True","9","{""id"":20196,""trip_id"":1,""user_id"":1,""driver_id"":null,""amount"":""14898.00"",""currency"":""VND"",""status"":""pending"",""payment_method"":""card"",""transaction_id"":null,""created_at"":""2026-01-22T10:28:55.810Z"",""updated_at"":""2026-01-22T10:28:55.810Z""}",
"46","True","9","{""id"":20197,""trip_id"":1,""user_id"":1,""driver_id"":null,""amount"":""11472.00"",""currency"":""VND"",""status"":""pending"",""payment_method"":""card"",""transaction_id"":null,""created_at"":""2026-01-22T10:28:55.823Z"",""updated_at"":""2026-01-22T10:28:55.823Z""}",
"47","True","7","{""id"":20198,""trip_id"":1,""user_id"":1,""driver_id"":null,""amount"":""9915.00"",""currency"":""VND"",""status"":""pending"",""payment_method"":""card"",""transaction_id"":null,""created_at"":""2026-01-22T10:28:55.835Z"",""updated_at"":""2026-01-22T10:28:55.835Z""}",
"48","True","11","{""id"":20199,""trip_id"":1,""user_id"":1,""driver_id"":null,""amount"":""16798.00"",""currency"":""VND"",""status"":""pending"",""payment_method"":""card"",""transaction_id"":null,""created_at"":""2026-01-22T10:28:55.847Z"",""updated_at"":""2026-01-22T10:28:55.847Z""}",
"49","True","8","{""id"":20200,""trip_id"":1,""user_id"":1,""driver_id"":null,""amount"":""3711.00"",""currency"":""VND"",""status"":""pending"",""payment_method"":""card"",""transaction_id"":null,""created_at"":""2026-01-22T10:28:55.861Z"",""updated_at"":""2026-01-22T10:28:55.861Z""}",
"50","True","7","{""id"":20201,""trip_id"":1,""user_id"":1,""driver_id"":null,""amount"":""13982.00"",""currency"":""VND"",""status"":""pending"",""payment_method"":""card"",""transaction_id"":null,""created_at"":""2026-01-22T10:28:55.871Z"",""updated_at"":""2026-01-22T10:28:55.871Z""}",
"51","True","8","{""id"":20202,""trip_id"":1,""user_id"":1,""driver_id"":null,""amount"":""4936.00"",""currency"":""VND"",""status"":""pending"",""payment_method"":""card"",""transaction_id"":null,""created_at"":""2026-01-22T10:28:55.883Z"",""updated_at"":""2026-01-22T10:28:55.883Z""}",
"52","True","7","{""id"":20203,""trip_id"":1,""user_id"":1,""driver_id"":null,""amount"":""10192.00"",""currency"":""VND"",""status"":""pending"",""payment_method"":""card"",""transaction_id"":null,""created_at"":""2026-01-22T10:28:55.896Z"",""updated_at"":""2026-01-22T10:28:55.896Z""}",
"53","True","14","{""id"":20204,""trip_id"":1,""user_id"":1,""driver_id"":null,""amount"":""8483.00"",""currency"":""VND"",""status"":""pending"",""payment_method"":""card"",""transaction_id"":null,""created_at"":""2026-01-22T10:28:55.908Z"",""updated_at"":""2026-01-22T10:28:55.908Z""}",
"54","True","10","{""id"":20205,""trip_id"":1,""user_id"":1,""driver_id"":null,""amount"":""6663.00"",""currency"":""VND"",""status"":""pending"",""payment_method"":""card"",""transaction_id"":null,""created_at"":""2026-01-22T10:28:55.926Z"",""updated_at"":""2026-01-22T10:28:55.926Z""}",
"55","True","7","{""id"":20206,""trip_id"":1,""user_id"":1,""driver_id"":null,""amount"":""9710.00"",""currency"":""VND"",""status"":""pending"",""payment_method"":""card"",""transaction_id"":null,""created_at"":""2026-01-22T10:28:55.936Z"",""updated_at"":""2026-01-22T10:28:55.936Z""}",
"56","True","16","{""id"":20207,""trip_id"":1,""user_id"":1,""driver_id"":null,""amount"":""14870.00"",""currency"":""VND"",""status"":""pending"",""payment_method"":""card"",""transaction_id"":null,""created_at"":""2026-01-22T10:28:55.955Z"",""updated_at"":""2026-01-22T10:28:55.955Z""}",
"57","True","6","{""id"":20208,""trip_id"":1,""user_id"":1,""driver_id"":null,""amount"":""10147.00"",""currency"":""VND"",""status"":""pending"",""payment_method"":""card"",""transaction_id"":null,""created_at"":""2026-01-22T10:28:55.966Z"",""updated_at"":""2026-01-22T10:28:55.966Z""}",
"58","True","12","{""id"":20209,""trip_id"":1,""user_id"":1,""driver_id"":null,""amount"":""12281.00"",""currency"":""VND"",""status"":""pending"",""payment_method"":""card"",""transaction_id"":null,""created_at"":""2026-01-22T10:28:55.978Z"",""updated_at"":""2026-01-22T10:28:55.978Z""}",
"59","True","7","{""id"":20210,""trip_id"":1,""user_id"":1,""driver_id"":null,""amount"":""14866.00"",""currency"":""VND"",""status"":""pending"",""payment_method"":""card"",""transaction_id"":null,""created_at"":""2026-01-22T10:28:55.991Z"",""updated_at"":""2026-01-22T10:28:55.991Z""}",
"60","True","7","{""id"":20211,""trip_id"":1,""user_id"":1,""driver_id"":null,""amount"":""4644.00"",""currency"":""VND"",""status"":""pending"",""payment_method"":""card"",""transaction_id"":null,""created_at"":""2026-01-22T10:28:56.001Z"",""updated_at"":""2026-01-22T10:28:56.001Z""}",
"61","True","9","{""id"":20212,""trip_id"":1,""user_id"":1,""driver_id"":null,""amount"":""10291.00"",""currency"":""VND"",""status"":""pending"",""payment_method"":""card"",""transaction_id"":null,""created_at"":""2026-01-22T10:28:56.013Z"",""updated_at"":""2026-01-22T10:28:56.013Z""}",
"62","True","7","{""id"":20213,""trip_id"":1,""user_id"":1,""driver_id"":null,""amount"":""7463.00"",""currency"":""VND"",""status"":""pending"",""payment_method"":""card"",""transaction_id"":null,""created_at"":""2026-01-22T10:28:56.025Z"",""updated_at"":""2026-01-22T10:28:56.025Z""}",
"63","True","6","{""id"":20214,""trip_id"":1,""user_id"":1,""driver_id"":null,""amount"":""11904.00"",""currency"":""VND"",""status"":""pending"",""payment_method"":""card"",""transaction_id"":null,""created_at"":""2026-01-22T10:28:56.034Z"",""updated_at"":""2026-01-22T10:28:56.034Z""}",
"64","True","8","{""id"":20215,""trip_id"":1,""user_id"":1,""driver_id"":null,""amount"":""9331.00"",""currency"":""VND"",""status"":""pending"",""payment_method"":""card"",""transaction_id"":null,""created_at"":""2026-01-22T10:28:56.044Z"",""updated_at"":""2026-01-22T10:28:56.044Z""}",
"65","True","8","{""id"":20216,""trip_id"":1,""user_id"":1,""driver_id"":null,""amount"":""9884.00"",""currency"":""VND"",""status"":""pending"",""payment_method"":""card"",""transaction_id"":null,""created_at"":""2026-01-22T10:28:56.054Z"",""updated_at"":""2026-01-22T10:28:56.054Z""}",
"66","True","6","{""id"":20217,""trip_id"":1,""user_id"":1,""driver_id"":null,""amount"":""6911.00"",""currency"":""VND"",""status"":""pending"",""payment_method"":""card"",""transaction_id"":null,""created_at"":""2026-01-22T10:28:56.065Z"",""updated_at"":""2026-01-22T10:28:56.065Z""}",
"67","True","8","{""id"":20218,""trip_id"":1,""user_id"":1,""driver_id"":null,""amount"":""6713.00"",""currency"":""VND"",""status"":""pending"",""payment_method"":""card"",""transaction_id"":null,""created_at"":""2026-01-22T10:28:56.076Z"",""updated_at"":""2026-01-22T10:28:56.076Z""}",
"68","True","7","{""id"":20219,""trip_id"":1,""user_id"":1,""driver_id"":null,""amount"":""14575.00"",""currency"":""VND"",""status"":""pending"",""payment_method"":""card"",""transaction_id"":null,""created_at"":""2026-01-22T10:28:56.085Z"",""updated_at"":""2026-01-22T10:28:56.085Z""}",
"69","True","8","{""id"":20220,""trip_id"":1,""user_id"":1,""driver_id"":null,""amount"":""11632.00"",""currency"":""VND"",""status"":""pending"",""payment_method"":""card"",""transaction_id"":null,""created_at"":""2026-01-22T10:28:56.095Z"",""updated_at"":""2026-01-22T10:28:56.095Z""}",
"70","True","11","{""id"":20221,""trip_id"":1,""user_id"":1,""driver_id"":null,""amount"":""1946.00"",""currency"":""VND"",""status"":""pending"",""payment_method"":""card"",""transaction_id"":null,""created_at"":""2026-01-22T10:28:56.107Z"",""updated_at"":""2026-01-22T10:28:56.107Z""}",
"71","True","7","{""id"":20222,""trip_id"":1,""user_id"":1,""driver_id"":null,""amount"":""18867.00"",""currency"":""VND"",""status"":""pending"",""payment_method"":""card"",""transaction_id"":null,""created_at"":""2026-01-22T10:28:56.121Z"",""updated_at"":""2026-01-22T10:28:56.121Z""}",
"72","True","7","{""id"":20223,""trip_id"":1,""user_id"":1,""driver_id"":null,""amount"":""7631.00"",""currency"":""VND"",""status"":""pending"",""payment_method"":""card"",""transaction_id"":null,""created_at"":""2026-01-22T10:28:56.132Z"",""updated_at"":""2026-01-22T10:28:56.132Z""}",
"73","True","11","{""id"":20224,""trip_id"":1,""user_id"":1,""driver_id"":null,""amount"":""7480.00"",""currency"":""VND"",""status"":""pending"",""payment_method"":""card"",""transaction_id"":null,""created_at"":""2026-01-22T10:28:56.143Z"",""updated_at"":""2026-01-22T10:28:56.143Z""}",
"74","True","9","{""id"":20225,""trip_id"":1,""user_id"":1,""driver_id"":null,""amount"":""7195.00"",""currency"":""VND"",""status"":""pending"",""payment_method"":""card"",""transaction_id"":null,""created_at"":""2026-01-22T10:28:56.157Z"",""updated_at"":""2026-01-22T10:28:56.157Z""}",
"75","True","6","{""id"":20226,""trip_id"":1,""user_id"":1,""driver_id"":null,""amount"":""14266.00"",""currency"":""VND"",""status"":""pending"",""payment_method"":""card"",""transaction_id"":null,""created_at"":""2026-01-22T10:28:56.167Z"",""updated_at"":""2026-01-22T10:28:56.167Z""}",
"76","True","9","{""id"":20227,""trip_id"":1,""user_id"":1,""driver_id"":null,""amount"":""10531.00"",""currency"":""VND"",""status"":""pending"",""payment_method"":""card"",""transaction_id"":null,""created_at"":""2026-01-22T10:28:56.178Z"",""updated_at"":""2026-01-22T10:28:56.178Z""}",
"77","True","10","{""id"":20228,""trip_id"":1,""user_id"":1,""driver_id"":null,""amount"":""12313.00"",""currency"":""VND"",""status"":""pending"",""payment_method"":""card"",""transaction_id"":null,""created_at"":""2026-01-22T10:28:56.193Z"",""updated_at"":""2026-01-22T10:28:56.193Z""}",
"78","True","6","{""id"":20229,""trip_id"":1,""user_id"":1,""driver_id"":null,""amount"":""6885.00"",""currency"":""VND"",""status"":""pending"",""payment_method"":""card"",""transaction_id"":null,""created_at"":""2026-01-22T10:28:56.202Z"",""updated_at"":""2026-01-22T10:28:56.202Z""}",
"79","True","7","{""id"":20230,""trip_id"":1,""user_id"":1,""driver_id"":null,""amount"":""9367.00"",""currency"":""VND"",""status"":""pending"",""payment_method"":""card"",""transaction_id"":null,""created_at"":""2026-01-22T10:28:56.215Z"",""updated_at"":""2026-01-22T10:28:56.215Z""}",
"80","True","8","{""id"":20231,""trip_id"":1,""user_id"":1,""driver_id"":null,""amount"":""17735.00"",""currency"":""VND"",""status"":""pending"",""payment_method"":""card"",""transaction_id"":null,""created_at"":""2026-01-22T10:28:56.226Z"",""updated_at"":""2026-01-22T10:28:56.226Z""}",
"81","True","6","{""id"":20232,""trip_id"":1,""user_id"":1,""driver_id"":null,""amount"":""6043.00"",""currency"":""VND"",""status"":""pending"",""payment_method"":""card"",""transaction_id"":null,""created_at"":""2026-01-22T10:28:56.235Z"",""updated_at"":""2026-01-22T10:28:56.235Z""}",
"82","True","8","{""id"":20233,""trip_id"":1,""user_id"":1,""driver_id"":null,""amount"":""19973.00"",""currency"":""VND"",""status"":""pending"",""payment_method"":""card"",""transaction_id"":null,""created_at"":""2026-01-22T10:28:56.248Z"",""updated_at"":""2026-01-22T10:28:56.248Z""}",
"83","True","8","{""id"":20234,""trip_id"":1,""user_id"":1,""driver_id"":null,""amount"":""7629.00"",""currency"":""VND"",""status"":""pending"",""payment_method"":""card"",""transaction_id"":null,""created_at"":""2026-01-22T10:28:56.260Z"",""updated_at"":""2026-01-22T10:28:56.260Z""}",
"84","True","7","{""id"":20235,""trip_id"":1,""user_id"":1,""driver_id"":null,""amount"":""15167.00"",""currency"":""VND"",""status"":""pending"",""payment_method"":""card"",""transaction_id"":null,""created_at"":""2026-01-22T10:28:56.269Z"",""updated_at"":""2026-01-22T10:28:56.269Z""}",
"85","True","11","{""id"":20236,""trip_id"":1,""user_id"":1,""driver_id"":null,""amount"":""10443.00"",""currency"":""VND"",""status"":""pending"",""payment_method"":""card"",""transaction_id"":null,""created_at"":""2026-01-22T10:28:56.282Z"",""updated_at"":""2026-01-22T10:28:56.282Z""}",
"86","True","6","{""id"":20237,""trip_id"":1,""user_id"":1,""driver_id"":null,""amount"":""3907.00"",""currency"":""VND"",""status"":""pending"",""payment_method"":""card"",""transaction_id"":null,""created_at"":""2026-01-22T10:28:56.295Z"",""updated_at"":""2026-01-22T10:28:56.295Z""}",
"87","True","8","{""id"":20238,""trip_id"":1,""user_id"":1,""driver_id"":null,""amount"":""15290.00"",""currency"":""VND"",""status"":""pending"",""payment_method"":""card"",""transaction_id"":null,""created_at"":""2026-01-22T10:28:56.303Z"",""updated_at"":""2026-01-22T10:28:56.303Z""}",
"88","True","7","{""id"":20239,""trip_id"":1,""user_id"":1,""driver_id"":null,""amount"":""6462.00"",""currency"":""VND"",""status"":""pending"",""payment_method"":""card"",""transaction_id"":null,""created_at"":""2026-01-22T10:28:56.315Z"",""updated_at"":""2026-01-22T10:28:56.315Z""}",
"89","True","6","{""id"":20240,""trip_id"":1,""user_id"":1,""driver_id"":null,""amount"":""5951.00"",""currency"":""VND"",""status"":""pending"",""payment_method"":""card"",""transaction_id"":null,""created_at"":""2026-01-22T10:28:56.325Z"",""updated_at"":""2026-01-22T10:28:56.325Z""}",
"90","True","7","{""id"":20241,""trip_id"":1,""user_id"":1,""driver_id"":null,""amount"":""19007.00"",""currency"":""VND"",""status"":""pending"",""payment_method"":""card"",""transaction_id"":null,""created_at"":""2026-01-22T10:28:56.334Z"",""updated_at"":""2026-01-22T10:28:56.334Z""}",
"91","True","6","{""id"":20242,""trip_id"":1,""user_id"":1,""driver_id"":null,""amount"":""11530.00"",""currency"":""VND"",""status"":""pending"",""payment_method"":""card"",""transaction_id"":null,""created_at"":""2026-01-22T10:28:56.345Z"",""updated_at"":""2026-01-22T10:28:56.345Z""}",
"92","True","8","{""id"":20243,""trip_id"":1,""user_id"":1,""driver_id"":null,""amount"":""19806.00"",""currency"":""VND"",""status"":""pending"",""payment_method"":""card"",""transaction_id"":null,""created_at"":""2026-01-22T10:28:56.354Z"",""updated_at"":""2026-01-22T10:28:56.354Z""}",
"93","True","6","{""id"":20244,""trip_id"":1,""user_id"":1,""driver_id"":null,""amount"":""8300.00"",""currency"":""VND"",""status"":""pending"",""payment_method"":""card"",""transaction_id"":null,""created_at"":""2026-01-22T10:28:56.364Z"",""updated_at"":""2026-01-22T10:28:56.364Z""}",
"94","True","8","{""id"":20245,""trip_id"":1,""user_id"":1,""driver_id"":null,""amount"":""6158.00"",""currency"":""VND"",""status"":""pending"",""payment_method"":""card"",""transaction_id"":null,""created_at"":""2026-01-22T10:28:56.375Z"",""updated_at"":""2026-01-22T10:28:56.375Z""}",
"95","True","9","{""id"":20246,""trip_id"":1,""user_id"":1,""driver_id"":null,""amount"":""5013.00"",""currency"":""VND"",""status"":""pending"",""payment_method"":""card"",""transaction_id"":null,""created_at"":""2026-01-22T10:28:56.385Z"",""updated_at"":""2026-01-22T10:28:56.385Z""}",
"96","True","5","{""id"":20247,""trip_id"":1,""user_id"":1,""driver_id"":null,""amount"":""10122.00"",""currency"":""VND"",""status"":""pending"",""payment_method"":""card"",""transaction_id"":null,""created_at"":""2026-01-22T10:28:56.396Z"",""updated_at"":""2026-01-22T10:28:56.396Z""}",
"97","True","8","{""id"":20248,""trip_id"":1,""user_id"":1,""driver_id"":null,""amount"":""865.00"",""currency"":""VND"",""status"":""pending"",""payment_method"":""card"",""transaction_id"":null,""created_at"":""2026-01-22T10:28:56.404Z"",""updated_at"":""2026-01-22T10:28:56.404Z""}",
"98","True","6","{""id"":20249,""trip_id"":1,""user_id"":1,""driver_id"":null,""amount"":""12472.00"",""currency"":""VND"",""status"":""pending"",""payment_method"":""card"",""transaction_id"":null,""created_at"":""2026-01-22T10:28:56.415Z"",""updated_at"":""2026-01-22T10:28:56.415Z""}",
"99","True","8","{""id"":20250,""trip_id"":1,""user_id"":1,""driver_id"":null,""amount"":""1540.00"",""currency"":""VND"",""status"":""pending"",""payment_method"":""card"",""transaction_id"":null,""created_at"":""2026-01-22T10:28:56.426Z"",""updated_at"":""2026-01-22T10:28:56.426Z""}",
"100","True","8","{""id"":20251,""trip_id"":1,""user_id"":1,""driver_id"":null,""amount"":""3252.00"",""currency"":""VND"",""status"":""pending"",""payment_method"":""card"",""transaction_id"":null,""created_at"":""2026-01-22T10:28:56.434Z"",""updated_at"":""2026-01-22T10:28:56.434Z""}",
